-- MariaDB dump 10.19  Distrib 10.4.32-MariaDB, for Win64 (AMD64)
--
-- Host: localhost    Database: report_card
-- ------------------------------------------------------
-- Server version	10.4.32-MariaDB

/*!40101 SET @OLD_CHARACTER_SET_CLIENT=@@CHARACTER_SET_CLIENT */;
/*!40101 SET @OLD_CHARACTER_SET_RESULTS=@@CHARACTER_SET_RESULTS */;
/*!40101 SET @OLD_COLLATION_CONNECTION=@@COLLATION_CONNECTION */;
/*!40101 SET NAMES utf8mb4 */;
/*!40103 SET @OLD_TIME_ZONE=@@TIME_ZONE */;
/*!40103 SET TIME_ZONE='+00:00' */;
/*!40014 SET @OLD_UNIQUE_CHECKS=@@UNIQUE_CHECKS, UNIQUE_CHECKS=0 */;
/*!40014 SET @OLD_FOREIGN_KEY_CHECKS=@@FOREIGN_KEY_CHECKS, FOREIGN_KEY_CHECKS=0 */;
/*!40101 SET @OLD_SQL_MODE=@@SQL_MODE, SQL_MODE='NO_AUTO_VALUE_ON_ZERO' */;
/*!40111 SET @OLD_SQL_NOTES=@@SQL_NOTES, SQL_NOTES=0 */;

--
-- Table structure for table `grade_data`
--

DROP TABLE IF EXISTS `grade_data`;
/*!40101 SET @saved_cs_client     = @@character_set_client */;
/*!40101 SET character_set_client = utf8 */;
CREATE TABLE `grade_data` (
  `student_id` varchar(10) NOT NULL,
  `subject_code` varchar(2) NOT NULL,
  `assessment_type_code` varchar(6) NOT NULL,
  `score` decimal(5,2) NOT NULL,
  PRIMARY KEY (`student_id`,`subject_code`,`assessment_type_code`),
  KEY `subject_code` (`subject_code`),
  KEY `assessment_type_code` (`assessment_type_code`),
  CONSTRAINT `grade_data_ibfk_1` FOREIGN KEY (`student_id`) REFERENCES `students` (`student_id`),
  CONSTRAINT `grade_data_ibfk_2` FOREIGN KEY (`subject_code`) REFERENCES `subjects` (`subject_code`),
  CONSTRAINT `grade_data_ibfk_3` FOREIGN KEY (`assessment_type_code`) REFERENCES `assessment_types` (`assessment_type_code`)
) ENGINE=InnoDB DEFAULT CHARSET=utf8mb4 COLLATE=utf8mb4_general_ci;
/*!40101 SET character_set_client = @saved_cs_client */;

--
-- Dumping data for table `grade_data`
--

LOCK TABLES `grade_data` WRITE;
/*!40000 ALTER TABLE `grade_data` DISABLE KEYS */;
INSERT INTO `grade_data` VALUES ('2103123456','01','0101GJ',85.00),('2103123456','01','0101GP',86.00),('2103123456','01','0102GJ',87.00),('2103123456','01','0102GP',88.00),('2103123456','01','0103GJ',88.00),('2103123456','01','0103GP',89.00),('2103123456','01','0201GJ',89.00),('2103123456','01','0301GP',90.00),('2103123456','02','0101GJ',78.00),('2103123456','02','0101GP',79.00),('2103123456','02','0102GJ',80.00),('2103123456','02','0102GP',81.00),('2103123456','02','0103GJ',82.00),('2103123456','02','0103GP',83.00),('2103123456','02','0201GJ',85.00),('2103123456','02','0301GP',86.00),('2103123456','03','0101GJ',82.00),('2103123456','03','0101GP',83.00),('2103123456','03','0102GJ',85.00),('2103123456','03','0102GP',86.00),('2103123456','03','0103GJ',87.00),('2103123456','03','0103GP',88.00),('2103123456','03','0201GJ',90.00),('2103123456','03','0301GP',91.00),('2103123456','04','0101GJ',75.00),('2103123456','04','0101GP',76.00),('2103123456','04','0102GJ',78.00),('2103123456','04','0102GP',79.00),('2103123456','04','0103GJ',80.00),('2103123456','04','0103GP',81.00),('2103123456','04','0201GJ',82.00),('2103123456','04','0301GP',83.00),('2103123456','05','0101GJ',88.00),('2103123456','05','0101GP',89.00),('2103123456','05','0102GJ',90.00),('2103123456','05','0102GP',91.00),('2103123456','05','0103GJ',92.00),('2103123456','05','0103GP',93.00),('2103123456','05','0201GJ',93.00),('2103123456','05','0301GP',94.00),('2103123456','06','0101GJ',80.00),('2103123456','06','0101GP',81.00),('2103123456','06','0102GJ',82.00),('2103123456','06','0102GP',83.00),('2103123456','06','0103GJ',85.00),('2103123456','06','0103GP',86.00),('2103123456','06','0201GJ',88.00),('2103123456','06','0301GP',89.00),('2103123456','07','0101GJ',83.00),('2103123456','07','0101GP',84.00),('2103123456','07','0102GJ',85.00),('2103123456','07','0102GP',86.00),('2103123456','07','0103GJ',88.00),('2103123456','07','0103GP',89.00),('2103123456','07','0201GJ',90.00),('2103123456','07','0301GP',91.00),('2103123456','08','0101GJ',90.00),('2103123456','08','0101GP',91.00),('2103123456','08','0102GJ',92.00),('2103123456','08','0102GP',93.00),('2103123456','08','0103GJ',93.00),('2103123456','08','0103GP',94.00),('2103123456','08','0201GJ',95.00),('2103123456','08','0301GP',96.00),('2103123456','09','0101GJ',85.00),('2103123456','09','0101GP',86.00),('2103123456','09','0102GJ',87.00),('2103123456','09','0102GP',88.00),('2103123456','09','0103GJ',89.00),('2103123456','09','0103GP',90.00),('2103123456','09','0201GJ',91.00),('2103123456','09','0301GP',92.00),('2103123456','10','0101GJ',78.00),('2103123456','10','0101GP',79.00),('2103123456','10','0102GJ',80.00),('2103123456','10','0102GP',81.00),('2103123456','10','0103GJ',82.00),('2103123456','10','0103GP',83.00),('2103123456','10','0201GJ',85.00),('2103123456','10','0301GP',86.00),('2103123456','15','0101GJ',87.00),('2103123456','15','0101GP',88.00),('2103123456','15','0102GJ',89.00),('2103123456','15','0102GP',90.00),('2103123456','15','0103GJ',91.00),('2103123456','15','0103GP',92.00),('2103123456','15','0201GJ',93.00),('2103123456','15','0301GP',94.00),('2103123456','16','0101GJ',82.00),('2103123456','16','0101GP',83.00),('2103123456','16','0102GJ',84.00),('2103123456','16','0102GP',85.00),('2103123456','16','0103GJ',86.00),('2103123456','16','0103GP',87.00),('2103123456','16','0201GJ',89.00),('2103123456','16','0301GP',90.00),('2103123456','17','0101GJ',85.00),('2103123456','17','0101GP',86.00),('2103123456','17','0102GJ',87.00),('2103123456','17','0102GP',88.00),('2103123456','17','0103GJ',89.00),('2103123456','17','0103GP',90.00),('2103123456','17','0201GJ',92.00),('2103123456','17','0301GP',93.00),('2103123456','18','0101GJ',80.00),('2103123456','18','0101GP',81.00),('2103123456','18','0102GJ',82.00),('2103123456','18','0102GP',83.00),('2103123456','18','0103GJ',84.00),('2103123456','18','0103GP',85.00),('2103123456','18','0201GJ',87.00),('2103123456','18','0301GP',88.00),('2103124501','01','0101GJ',85.00),('2103124501','01','0101GP',86.00),('2103124501','01','0102GJ',88.00),('2103124501','01','0102GP',88.00),('2103124501','01','0103GJ',90.00),('2103124501','01','0103GP',89.00),('2103124501','01','0201GJ',87.00),('2103124501','01','0301GP',88.00),('2103124501','02','0101GJ',82.00),('2103124501','02','0101GP',83.00),('2103124501','02','0102GJ',85.00),('2103124501','02','0102GP',85.00),('2103124501','02','0103GJ',84.00),('2103124501','02','0103GP',84.00),('2103124501','02','0201GJ',86.00),('2103124501','02','0301GP',85.00),('2103124501','03','0101GJ',78.00),('2103124501','03','0101GP',79.00),('2103124501','03','0102GJ',82.00),('2103124501','03','0102GP',81.00),('2103124501','03','0103GJ',80.00),('2103124501','03','0103GP',80.00),('2103124501','03','0201GJ',81.00),('2103124501','03','0301GP',82.00),('2103124501','04','0101GJ',90.00),('2103124501','04','0101GP',91.00),('2103124501','04','0102GJ',92.00),('2103124501','04','0102GP',93.00),('2103124501','04','0103GJ',91.00),('2103124501','04','0103GP',92.00),('2103124501','04','0201GJ',93.00),('2103124501','04','0301GP',94.00),('2103124501','05','0101GJ',85.00),('2103124501','05','0101GP',86.00),('2103124501','05','0102GJ',87.00),('2103124501','05','0102GP',88.00),('2103124501','05','0103GJ',86.00),('2103124501','05','0103GP',87.00),('2103124501','05','0201GJ',88.00),('2103124501','05','0301GP',89.00),('2103124501','06','0101GJ',88.00),('2103124501','06','0101GP',89.00),('2103124501','06','0102GJ',90.00),('2103124501','06','0102GP',91.00),('2103124501','06','0103GJ',89.00),('2103124501','06','0103GP',90.00),('2103124501','06','0201GJ',91.00),('2103124501','06','0301GP',92.00),('2103124501','07','0101GJ',80.00),('2103124501','07','0101GP',81.00),('2103124501','07','0102GJ',82.00),('2103124501','07','0102GP',83.00),('2103124501','07','0103GJ',81.00),('2103124501','07','0103GP',82.00),('2103124501','07','0201GJ',83.00),('2103124501','07','0301GP',84.00),('2103124501','08','0101GJ',87.00),('2103124501','08','0101GP',88.00),('2103124501','08','0102GJ',89.00),('2103124501','08','0102GP',90.00),('2103124501','08','0103GJ',88.00),('2103124501','08','0103GP',89.00),('2103124501','08','0201GJ',90.00),('2103124501','08','0301GP',91.00),('2103124501','09','0101GJ',83.00),('2103124501','09','0101GP',84.00),('2103124501','09','0102GJ',85.00),('2103124501','09','0102GP',86.00),('2103124501','09','0103GJ',84.00),('2103124501','09','0103GP',85.00),('2103124501','09','0201GJ',86.00),('2103124501','09','0301GP',87.00),('2103124501','10','0101GJ',85.00),('2103124501','10','0101GP',86.00),('2103124501','10','0102GJ',87.00),('2103124501','10','0102GP',88.00),('2103124501','10','0103GJ',86.00),('2103124501','10','0103GP',87.00),('2103124501','10','0201GJ',88.00),('2103124501','10','0301GP',89.00),('2103124501','11','0101GJ',92.00),('2103124501','11','0101GP',93.00),('2103124501','11','0102GJ',94.00),('2103124501','11','0102GP',95.00),('2103124501','11','0103GJ',93.00),('2103124501','11','0103GP',94.00),('2103124501','11','0201GJ',95.00),('2103124501','11','0301GP',96.00),('2103124501','12','0101GJ',89.00),('2103124501','12','0101GP',90.00),('2103124501','12','0102GJ',91.00),('2103124501','12','0102GP',92.00),('2103124501','12','0103GJ',90.00),('2103124501','12','0103GP',91.00),('2103124501','12','0201GJ',92.00),('2103124501','12','0301GP',93.00),('2103124501','13','0101GJ',87.00),('2103124501','13','0101GP',88.00),('2103124501','13','0102GJ',89.00),('2103124501','13','0102GP',90.00),('2103124501','13','0103GJ',88.00),('2103124501','13','0103GP',89.00),('2103124501','13','0201GJ',90.00),('2103124501','13','0301GP',91.00),('2103124501','14','0101GJ',88.00),('2103124501','14','0101GP',89.00),('2103124501','14','0102GJ',90.00),('2103124501','14','0102GP',91.00),('2103124501','14','0103GJ',89.00),('2103124501','14','0103GP',90.00),('2103124501','14','0201GJ',91.00),('2103124501','14','0301GP',92.00),('2107098765','01','0101GJ',85.00),('2107098765','01','0101GP',86.00),('2107098765','01','0102GJ',88.00),('2107098765','01','0102GP',89.00),('2107098765','01','0103GJ',90.00),('2107098765','01','0103GP',91.00),('2107098765','01','0201GJ',87.00),('2107098765','01','0301GP',90.00),('2107098765','02','0101GJ',82.00),('2107098765','02','0101GP',83.00),('2107098765','02','0102GJ',85.00),('2107098765','02','0102GP',86.00),('2107098765','02','0103GJ',88.00),('2107098765','02','0103GP',89.00),('2107098765','02','0201GJ',86.00),('2107098765','02','0301GP',87.00),('2107098765','03','0101GJ',87.00),('2107098765','03','0101GP',88.00),('2107098765','03','0102GJ',89.00),('2107098765','03','0102GP',90.00),('2107098765','03','0103GJ',91.00),('2107098765','03','0103GP',92.00),('2107098765','03','0201GJ',90.00),('2107098765','03','0301GP',91.00),('2107098765','04','0101GJ',89.00),('2107098765','04','0101GP',90.00),('2107098765','04','0102GJ',92.00),('2107098765','04','0102GP',93.00),('2107098765','04','0103GJ',94.00),('2107098765','04','0103GP',95.00),('2107098765','04','0201GJ',93.00),('2107098765','04','0301GP',94.00),('2107098765','05','0101GJ',84.00),('2107098765','05','0101GP',85.00),('2107098765','05','0102GJ',87.00),('2107098765','05','0102GP',88.00),('2107098765','05','0103GJ',89.00),('2107098765','05','0103GP',90.00),('2107098765','05','0201GJ',88.00),('2107098765','05','0301GP',89.00),('2107098765','06','0101GJ',90.00),('2107098765','06','0101GP',91.00),('2107098765','06','0102GJ',92.00),('2107098765','06','0102GP',93.00),('2107098765','06','0103GJ',94.00),('2107098765','06','0103GP',95.00),('2107098765','06','0201GJ',93.00),('2107098765','06','0301GP',94.00),('2107098765','07','0101GJ',88.00),('2107098765','07','0101GP',89.00),('2107098765','07','0102GJ',90.00),('2107098765','07','0102GP',91.00),('2107098765','07','0103GJ',92.00),('2107098765','07','0103GP',93.00),('2107098765','07','0201GJ',91.00),('2107098765','07','0301GP',92.00),('2107098765','08','0101GJ',87.00),('2107098765','08','0101GP',88.00),('2107098765','08','0102GJ',89.00),('2107098765','08','0102GP',90.00),('2107098765','08','0103GJ',91.00),('2107098765','08','0103GP',92.00),('2107098765','08','0201GJ',90.00),('2107098765','08','0301GP',91.00),('2107098765','09','0101GJ',85.00),('2107098765','09','0101GP',86.00),('2107098765','09','0102GJ',88.00),('2107098765','09','0102GP',89.00),('2107098765','09','0103GJ',90.00),('2107098765','09','0103GP',91.00),('2107098765','09','0201GJ',89.00),('2107098765','09','0301GP',90.00),('2107098765','10','0101GJ',86.00),('2107098765','10','0101GP',87.00),('2107098765','10','0102GJ',89.00),('2107098765','10','0102GP',90.00),('2107098765','10','0103GJ',91.00),('2107098765','10','0103GP',92.00),('2107098765','10','0201GJ',90.00),('2107098765','10','0301GP',91.00),('2107098765','11','0101GJ',91.00),('2107098765','11','0101GP',92.00),('2107098765','11','0102GJ',93.00),('2107098765','11','0102GP',94.00),('2107098765','11','0103GJ',95.00),('2107098765','11','0103GP',96.00),('2107098765','11','0201GJ',94.00),('2107098765','11','0301GP',95.00),('2107098765','12','0101GJ',90.00),('2107098765','12','0101GP',91.00),('2107098765','12','0102GJ',92.00),('2107098765','12','0102GP',93.00),('2107098765','12','0103GJ',94.00),('2107098765','12','0103GP',95.00),('2107098765','12','0201GJ',93.00),('2107098765','12','0301GP',94.00),('2107098765','13','0101GJ',89.00),('2107098765','13','0101GP',90.00),('2107098765','13','0102GJ',91.00),('2107098765','13','0102GP',92.00),('2107098765','13','0103GJ',93.00),('2107098765','13','0103GP',94.00),('2107098765','13','0201GJ',92.00),('2107098765','13','0301GP',93.00),('2107098765','14','0101GJ',88.00),('2107098765','14','0101GP',89.00),('2107098765','14','0102GJ',90.00),('2107098765','14','0102GP',91.00),('2107098765','14','0103GJ',92.00),('2107098765','14','0103GP',93.00),('2107098765','14','0201GJ',91.00),('2107098765','14','0301GP',92.00),('2107123401','01','0101GJ',85.00),('2107123401','01','0101GP',87.00),('2107123401','01','0102GJ',88.00),('2107123401','01','0102GP',89.00),('2107123401','01','0103GJ',90.00),('2107123401','01','0103GP',91.00),('2107123401','01','0201GJ',92.00),('2107123401','01','0301GP',93.00),('2107123401','02','0101GJ',78.00),('2107123401','02','0101GP',80.00),('2107123401','02','0102GJ',82.00),('2107123401','02','0102GP',83.00),('2107123401','02','0103GJ',85.00),('2107123401','02','0103GP',86.00),('2107123401','02','0201GJ',88.00),('2107123401','02','0301GP',88.00),('2107123401','03','0101GJ',82.00),('2107123401','03','0101GP',85.00),('2107123401','03','0102GJ',85.00),('2107123401','03','0102GP',87.00),('2107123401','03','0103GJ',88.00),('2107123401','03','0103GP',89.00),('2107123401','03','0201GJ',90.00),('2107123401','03','0301GP',91.00),('2107123401','04','0101GJ',75.00),('2107123401','04','0101GP',78.00),('2107123401','04','0102GJ',78.00),('2107123401','04','0102GP',80.00),('2107123401','04','0103GJ',80.00),('2107123401','04','0103GP',82.00),('2107123401','04','0201GJ',82.00),('2107123401','04','0301GP',84.00),('2107123401','05','0101GJ',88.00),('2107123401','05','0101GP',89.00),('2107123401','05','0102GJ',90.00),('2107123401','05','0102GP',91.00),('2107123401','05','0103GJ',92.00),('2107123401','05','0103GP',93.00),('2107123401','05','0201GJ',94.00),('2107123401','05','0301GP',95.00),('2107123401','06','0101GJ',80.00),('2107123401','06','0101GP',82.00),('2107123401','06','0102GJ',83.00),('2107123401','06','0102GP',84.00),('2107123401','06','0103GJ',85.00),('2107123401','06','0103GP',86.00),('2107123401','06','0201GJ',87.00),('2107123401','06','0301GP',88.00),('2107123401','07','0101GJ',90.00),('2107123401','07','0101GP',91.00),('2107123401','07','0102GJ',92.00),('2107123401','07','0102GP',93.00),('2107123401','07','0103GJ',94.00),('2107123401','07','0103GP',95.00),('2107123401','07','0201GJ',95.00),('2107123401','07','0301GP',96.00),('2107123401','08','0101GJ',85.00),('2107123401','08','0101GP',86.00),('2107123401','08','0102GJ',87.00),('2107123401','08','0102GP',88.00),('2107123401','08','0103GJ',89.00),('2107123401','08','0103GP',90.00),('2107123401','08','0201GJ',90.00),('2107123401','08','0301GP',91.00),('2107123401','09','0101GJ',78.00),('2107123401','09','0101GP',79.00),('2107123401','09','0102GJ',80.00),('2107123401','09','0102GP',81.00),('2107123401','09','0103GJ',82.00),('2107123401','09','0103GP',83.00),('2107123401','09','0201GJ',85.00),('2107123401','09','0301GP',85.00),('2107123401','10','0101GJ',82.00),('2107123401','10','0101GP',84.00),('2107123401','10','0102GJ',85.00),('2107123401','10','0102GP',86.00),('2107123401','10','0103GJ',87.00),('2107123401','10','0103GP',88.00),('2107123401','10','0201GJ',89.00),('2107123401','10','0301GP',90.00),('2107123401','15','0101GJ',83.00),('2107123401','15','0101GP',85.00),('2107123401','15','0102GJ',85.00),('2107123401','15','0102GP',87.00),('2107123401','15','0103GJ',88.00),('2107123401','15','0103GP',89.00),('2107123401','15','0201GJ',90.00),('2107123401','15','0301GP',91.00),('2107123401','16','0101GJ',85.00),('2107123401','16','0101GP',87.00),('2107123401','16','0102GJ',88.00),('2107123401','16','0102GP',89.00),('2107123401','16','0103GJ',90.00),('2107123401','16','0103GP',91.00),('2107123401','16','0201GJ',92.00),('2107123401','16','0301GP',93.00),('2107123401','17','0101GJ',88.00),('2107123401','17','0101GP',89.00),('2107123401','17','0102GJ',90.00),('2107123401','17','0102GP',91.00),('2107123401','17','0103GJ',92.00),('2107123401','17','0103GP',93.00),('2107123401','17','0201GJ',94.00),('2107123401','17','0301GP',95.00),('2107123401','18','0101GJ',80.00),('2107123401','18','0101GP',82.00),('2107123401','18','0102GJ',82.00),('2107123401','18','0102GP',84.00),('2107123401','18','0103GJ',85.00),('2107123401','18','0103GP',86.00),('2107123401','18','0201GJ',88.00),('2107123401','18','0301GP',88.00),('2107245683','01','0101GJ',85.00),('2107245683','01','0101GP',86.00),('2107245683','01','0102GJ',88.00),('2107245683','01','0102GP',88.00),('2107245683','01','0103GJ',90.00),('2107245683','01','0103GP',90.00),('2107245683','01','0201GJ',87.00),('2107245683','01','0301GP',87.00),('2107245683','02','0101GJ',82.00),('2107245683','02','0101GP',83.00),('2107245683','02','0102GJ',85.00),('2107245683','02','0102GP',85.00),('2107245683','02','0103GJ',87.00),('2107245683','02','0103GP',87.00),('2107245683','02','0201GJ',84.00),('2107245683','02','0301GP',84.00),('2107245683','03','0101GJ',88.00),('2107245683','03','0101GP',89.00),('2107245683','03','0102GJ',90.00),('2107245683','03','0102GP',91.00),('2107245683','03','0103GJ',92.00),('2107245683','03','0103GP',93.00),('2107245683','03','0201GJ',89.00),('2107245683','03','0301GP',90.00),('2107245683','04','0101GJ',78.00),('2107245683','04','0101GP',79.00),('2107245683','04','0102GJ',82.00),('2107245683','04','0102GP',82.00),('2107245683','04','0103GJ',85.00),('2107245683','04','0103GP',85.00),('2107245683','04','0201GJ',80.00),('2107245683','04','0301GP',81.00),('2107245683','05','0101GJ',85.00),('2107245683','05','0101GP',86.00),('2107245683','05','0102GJ',87.00),('2107245683','05','0102GP',88.00),('2107245683','05','0103GJ',89.00),('2107245683','05','0103GP',90.00),('2107245683','05','0201GJ',86.00),('2107245683','05','0301GP',87.00),('2107245683','06','0101GJ',90.00),('2107245683','06','0101GP',91.00),('2107245683','06','0102GJ',92.00),('2107245683','06','0102GP',93.00),('2107245683','06','0103GJ',94.00),('2107245683','06','0103GP',95.00),('2107245683','06','0201GJ',91.00),('2107245683','06','0301GP',92.00),('2107245683','07','0101GJ',92.00),('2107245683','07','0101GP',93.00),('2107245683','07','0102GJ',94.00),('2107245683','07','0102GP',95.00),('2107245683','07','0103GJ',95.00),('2107245683','07','0103GP',96.00),('2107245683','07','0201GJ',93.00),('2107245683','07','0301GP',94.00),('2107245683','08','0101GJ',88.00),('2107245683','08','0101GP',89.00),('2107245683','08','0102GJ',90.00),('2107245683','08','0102GP',91.00),('2107245683','08','0103GJ',92.00),('2107245683','08','0103GP',93.00),('2107245683','08','0201GJ',89.00),('2107245683','08','0301GP',90.00),('2107245683','09','0101GJ',85.00),('2107245683','09','0101GP',86.00),('2107245683','09','0102GJ',87.00),('2107245683','09','0102GP',88.00),('2107245683','09','0103GJ',89.00),('2107245683','09','0103GP',90.00),('2107245683','09','0201GJ',86.00),('2107245683','09','0301GP',87.00),('2107245683','10','0101GJ',82.00),('2107245683','10','0101GP',83.00),('2107245683','10','0102GJ',85.00),('2107245683','10','0102GP',85.00),('2107245683','10','0103GJ',87.00),('2107245683','10','0103GP',87.00),('2107245683','10','0201GJ',84.00),('2107245683','10','0301GP',84.00),('2107245683','15','0101GJ',88.00),('2107245683','15','0101GP',89.00),('2107245683','15','0102GJ',90.00),('2107245683','15','0102GP',91.00),('2107245683','15','0103GJ',92.00),('2107245683','15','0103GP',93.00),('2107245683','15','0201GJ',89.00),('2107245683','15','0301GP',90.00),('2107245683','16','0101GJ',90.00),('2107245683','16','0101GP',91.00),('2107245683','16','0102GJ',92.00),('2107245683','16','0102GP',93.00),('2107245683','16','0103GJ',94.00),('2107245683','16','0103GP',95.00),('2107245683','16','0201GJ',91.00),('2107245683','16','0301GP',92.00),('2107245683','17','0101GJ',88.00),('2107245683','17','0101GP',89.00),('2107245683','17','0102GJ',90.00),('2107245683','17','0102GP',91.00),('2107245683','17','0103GJ',92.00),('2107245683','17','0103GP',93.00),('2107245683','17','0201GJ',89.00),('2107245683','17','0301GP',90.00),('2107245683','18','0101GJ',85.00),('2107245683','18','0101GP',86.00),('2107245683','18','0102GJ',87.00),('2107245683','18','0102GP',88.00),('2107245683','18','0103GJ',89.00),('2107245683','18','0103GP',90.00),('2107245683','18','0201GJ',86.00),('2107245683','18','0301GP',87.00),('2107654321','01','0101GJ',85.00),('2107654321','01','0101GP',86.00),('2107654321','01','0102GJ',88.00),('2107654321','01','0102GP',89.00),('2107654321','01','0103GJ',90.00),('2107654321','01','0103GP',88.00),('2107654321','01','0201GJ',87.00),('2107654321','01','0301GP',87.00),('2107654321','02','0101GJ',82.00),('2107654321','02','0101GP',83.00),('2107654321','02','0102GJ',85.00),('2107654321','02','0102GP',86.00),('2107654321','02','0103GJ',84.00),('2107654321','02','0103GP',85.00),('2107654321','02','0201GJ',86.00),('2107654321','02','0301GP',84.00),('2107654321','03','0101GJ',78.00),('2107654321','03','0101GP',79.00),('2107654321','03','0102GJ',82.00),('2107654321','03','0102GP',83.00),('2107654321','03','0103GJ',85.00),('2107654321','03','0103GP',81.00),('2107654321','03','0201GJ',80.00),('2107654321','03','0301GP',82.00),('2107654321','04','0101GJ',90.00),('2107654321','04','0101GP',91.00),('2107654321','04','0102GJ',92.00),('2107654321','04','0102GP',93.00),('2107654321','04','0103GJ',88.00),('2107654321','04','0103GP',89.00),('2107654321','04','0201GJ',91.00),('2107654321','04','0301GP',92.00),('2107654321','05','0101GJ',85.00),('2107654321','05','0101GP',86.00),('2107654321','05','0102GJ',87.00),('2107654321','05','0102GP',88.00),('2107654321','05','0103GJ',83.00),('2107654321','05','0103GP',84.00),('2107654321','05','0201GJ',86.00),('2107654321','05','0301GP',87.00),('2107654321','06','0101GJ',88.00),('2107654321','06','0101GP',89.00),('2107654321','06','0102GJ',90.00),('2107654321','06','0102GP',91.00),('2107654321','06','0103GJ',89.00),('2107654321','06','0103GP',90.00),('2107654321','06','0201GJ',92.00),('2107654321','06','0301GP',93.00),('2107654321','07','0101GJ',92.00),('2107654321','07','0101GP',93.00),('2107654321','07','0102GJ',90.00),('2107654321','07','0102GP',91.00),('2107654321','07','0103GJ',91.00),('2107654321','07','0103GP',92.00),('2107654321','07','0201GJ',93.00),('2107654321','07','0301GP',94.00),('2107654321','08','0101GJ',87.00),('2107654321','08','0101GP',88.00),('2107654321','08','0102GJ',89.00),('2107654321','08','0102GP',90.00),('2107654321','08','0103GJ',88.00),('2107654321','08','0103GP',89.00),('2107654321','08','0201GJ',90.00),('2107654321','08','0301GP',91.00),('2107654321','09','0101GJ',85.00),('2107654321','09','0101GP',86.00),('2107654321','09','0102GJ',86.00),('2107654321','09','0102GP',87.00),('2107654321','09','0103GJ',87.00),('2107654321','09','0103GP',88.00),('2107654321','09','0201GJ',88.00),('2107654321','09','0301GP',89.00),('2107654321','10','0101GJ',83.00),('2107654321','10','0101GP',84.00),('2107654321','10','0102GJ',85.00),('2107654321','10','0102GP',86.00),('2107654321','10','0103GJ',84.00),('2107654321','10','0103GP',85.00),('2107654321','10','0201GJ',86.00),('2107654321','10','0301GP',87.00),('2107654321','11','0101GJ',91.00),('2107654321','11','0101GP',92.00),('2107654321','11','0102GJ',93.00),('2107654321','11','0102GP',94.00),('2107654321','11','0103GJ',90.00),('2107654321','11','0103GP',91.00),('2107654321','11','0201GJ',92.00),('2107654321','11','0301GP',93.00),('2107654321','12','0101GJ',89.00),('2107654321','12','0101GP',90.00),('2107654321','12','0102GJ',91.00),('2107654321','12','0102GP',92.00),('2107654321','12','0103GJ',88.00),('2107654321','12','0103GP',89.00),('2107654321','12','0201GJ',90.00),('2107654321','12','0301GP',91.00),('2107654321','13','0101GJ',87.00),('2107654321','13','0101GP',88.00),('2107654321','13','0102GJ',89.00),('2107654321','13','0102GP',90.00),('2107654321','13','0103GJ',86.00),('2107654321','13','0103GP',87.00),('2107654321','13','0201GJ',88.00),('2107654321','13','0301GP',89.00),('2107654321','14','0101GJ',88.00),('2107654321','14','0101GP',89.00),('2107654321','14','0102GJ',90.00),('2107654321','14','0102GP',91.00),('2107654321','14','0103GJ',87.00),('2107654321','14','0103GP',88.00),('2107654321','14','0201GJ',89.00),('2107654321','14','0301GP',90.00);
/*!40000 ALTER TABLE `grade_data` ENABLE KEYS */;
UNLOCK TABLES;

--
-- Table structure for table `assessment_types`
--

DROP TABLE IF EXISTS `assessment_types`;
/*!40101 SET @saved_cs_client     = @@character_set_client */;
/*!40101 SET character_set_client = utf8 */;
CREATE TABLE `assessment_types` (
  `assessment_type_code` varchar(6) NOT NULL,
  `assessment_type` varchar(50) NOT NULL,
  `test_number` int(11) NOT NULL,
  `semester` varchar(5) NOT NULL,
  PRIMARY KEY (`assessment_type_code`)
) ENGINE=InnoDB DEFAULT CHARSET=utf8mb4 COLLATE=utf8mb4_general_ci;
/*!40101 SET character_set_client = @saved_cs_client */;

--
-- Dumping data for table `assessment_types`
--

LOCK TABLES `assessment_types` WRITE;
/*!40000 ALTER TABLE `assessment_types` DISABLE KEYS */;
INSERT INTO `assessment_types` VALUES ('0101GJ','First Daily Test',1,'Odd'),('0101GP','First Daily Test',1,'Even'),('0102GJ','Second Daily Test',2,'Odd'),('0102GP','Second Daily Test',2,'Even'),('0103GJ','Third Daily Test',3,'Odd'),('0103GP','Third Daily Test',3,'Even'),('0201GJ','Final Semester Assessment',1,'Odd'),('0301GP','End-of-Year Assessment',1,'Even');
/*!40000 ALTER TABLE `assessment_types` ENABLE KEYS */;
UNLOCK TABLES;

--
-- Table structure for table `subjects`
--

DROP TABLE IF EXISTS `subjects`;
/*!40101 SET @saved_cs_client     = @@character_set_client */;
/*!40101 SET character_set_client = utf8 */;
CREATE TABLE `subjects` (
  `subject_code` varchar(2) NOT NULL,
  `subject` varchar(100) NOT NULL,
  PRIMARY KEY (`subject_code`)
) ENGINE=InnoDB DEFAULT CHARSET=utf8mb4 COLLATE=utf8mb4_general_ci;
/*!40101 SET character_set_client = @saved_cs_client */;

--
-- Dumping data for table `subjects`
--

LOCK TABLES `subjects` WRITE;
/*!40000 ALTER TABLE `subjects` DISABLE KEYS */;
INSERT INTO `subjects` VALUES ('01','Religious Education and Character Education'),('02','Pancasila and Civics Education'),('03','Indonesian Language'),('04','Compulsory Mathematics'),('05','Indonesian History'),('06','English Language'),('07','Arts and Culture'),('08','Physical Education, Sports, and Health'),('09','Crafts and Entrepreneurship'),('10','Cross-Interest Subject'),('11','Specialization Mathematics'),('12','Physics'),('13','Biology'),('14','Chemistry'),('15','Specialization History'),('16','Economics'),('17','Geography'),('18','Sociology');
/*!40000 ALTER TABLE `subjects` ENABLE KEYS */;
UNLOCK TABLES;

--
-- Table structure for table `daily_test_averages`
--

DROP TABLE IF EXISTS `daily_test_averages`;
/*!40101 SET @saved_cs_client     = @@character_set_client */;
/*!40101 SET character_set_client = utf8 */;
CREATE TABLE `daily_test_averages` (
  `student_id` varchar(10) NOT NULL,
  `subject_code` varchar(2) NOT NULL,
  `odd_semester_daily_test_avg` decimal(5,2) DEFAULT NULL,
  `even_semester_daily_test_avg` decimal(5,2) DEFAULT NULL,
  PRIMARY KEY (`student_id`,`subject_code`),
  KEY `subject_code` (`subject_code`),
  CONSTRAINT `daily_test_averages_ibfk_1` FOREIGN KEY (`student_id`) REFERENCES `students` (`student_id`),
  CONSTRAINT `daily_test_averages_ibfk_2` FOREIGN KEY (`subject_code`) REFERENCES `subjects` (`subject_code`)
) ENGINE=InnoDB DEFAULT CHARSET=utf8mb4 COLLATE=utf8mb4_general_ci;
/*!40101 SET character_set_client = @saved_cs_client */;

--
-- Dumping data for table `daily_test_averages`
--

LOCK TABLES `daily_test_averages` WRITE;
/*!40000 ALTER TABLE `daily_test_averages` DISABLE KEYS */;
INSERT INTO `daily_test_averages` VALUES ('2103123456','01',86.67,87.67),('2103123456','02',80.00,81.00),('2103123456','03',84.67,85.67),('2103123456','04',77.67,78.67),('2103123456','05',90.00,91.00),('2103123456','06',82.33,83.33),('2103123456','07',85.33,86.33),('2103123456','08',91.67,92.67),('2103123456','09',87.00,88.00),('2103123456','10',80.00,81.00),('2103123456','15',89.00,90.00),('2103123456','16',84.00,85.00),('2103123456','17',87.00,88.00),('2103123456','18',82.00,83.00),('2103124501','01',87.67,87.67),('2103124501','02',83.67,84.00),('2103124501','03',80.00,80.00),('2103124501','04',91.00,92.00),('2103124501','05',86.00,87.00),('2103124501','06',89.00,90.00),('2103124501','07',81.00,82.00),('2103124501','08',88.00,89.00),('2103124501','09',84.00,85.00),('2103124501','10',86.00,87.00),('2103124501','11',93.00,94.00),('2103124501','12',90.00,91.00),('2103124501','13',88.00,89.00),('2103124501','14',89.00,90.00),('2107098765','01',87.67,88.67),('2107098765','02',85.00,86.00),('2107098765','03',89.00,90.00),('2107098765','04',91.67,92.67),('2107098765','05',86.67,87.67),('2107098765','06',92.00,93.00),('2107098765','07',90.00,91.00),('2107098765','08',89.00,90.00),('2107098765','09',87.67,88.67),('2107098765','10',88.67,89.67),('2107098765','11',93.00,94.00),('2107098765','12',92.00,93.00),('2107098765','13',91.00,92.00),('2107098765','14',90.00,91.00),('2107123401','01',87.67,89.00),('2107123401','02',81.67,83.00),('2107123401','03',85.00,87.00),('2107123401','04',77.67,80.00),('2107123401','05',90.00,91.00),('2107123401','06',82.67,84.00),('2107123401','07',92.00,93.00),('2107123401','08',87.00,88.00),('2107123401','09',80.00,81.00),('2107123401','10',84.67,86.00),('2107123401','15',85.33,87.00),('2107123401','16',87.67,89.00),('2107123401','17',90.00,91.00),('2107123401','18',82.33,84.00),('2107245683','01',87.67,88.00),('2107245683','02',84.67,85.00),('2107245683','03',90.00,91.00),('2107245683','04',81.67,82.00),('2107245683','05',87.00,88.00),('2107245683','06',92.00,93.00),('2107245683','07',93.67,94.67),('2107245683','08',90.00,91.00),('2107245683','09',87.00,88.00),('2107245683','10',84.67,85.00),('2107245683','15',90.00,91.00),('2107245683','16',92.00,93.00),('2107245683','17',90.00,91.00),('2107245683','18',87.00,88.00),('2107654321','01',87.67,87.67),('2107654321','02',83.67,84.67),('2107654321','03',81.67,81.00),('2107654321','04',90.00,91.00),('2107654321','05',85.00,86.00),('2107654321','06',89.00,90.00),('2107654321','07',91.00,92.00),('2107654321','08',88.00,89.00),('2107654321','09',86.00,87.00),('2107654321','10',84.00,85.00),('2107654321','11',91.33,92.33),('2107654321','12',89.33,90.33),('2107654321','13',87.33,88.33),('2107654321','14',88.33,89.33);
/*!40000 ALTER TABLE `daily_test_averages` ENABLE KEYS */;
UNLOCK TABLES;

--
-- Table structure for table `students`
--

DROP TABLE IF EXISTS `students`;
/*!40101 SET @saved_cs_client     = @@character_set_client */;
/*!40101 SET character_set_client = utf8 */;
CREATE TABLE `students` (
  `student_id` varchar(10) NOT NULL,
  `name` varchar(100) NOT NULL,
  `class_name` varchar(30) NOT NULL,
  `gender` enum('Male','Female') NOT NULL,
  PRIMARY KEY (`student_id`)
) ENGINE=InnoDB DEFAULT CHARSET=utf8mb4 COLLATE=utf8mb4_general_ci;
/*!40101 SET character_set_client = @saved_cs_client */;

--
-- Dumping data for table `students`
--

LOCK TABLES `students` WRITE;
/*!40000 ALTER TABLE `students` DISABLE KEYS */;
INSERT INTO `students` VALUES ('2103123456','Andi Pratama','XII Social Sciences 3','Male'),('2103124501','Ilham Rizky Pratama','XII Natural Sciences 6','Male'),('2107098765','Putri Ayu Lestari','XII Natural Sciences 4','Female'),('2107123401','Amalia Putri Santoso','XII Social Sciences 3','Female'),('2107245683','Kayla Dewi Lestari','XII Social Sciences 1','Female'),('2107654321','Ahmad Fauzi Rahman','XII Natural Sciences 4','Male');
/*!40000 ALTER TABLE `students` ENABLE KEYS */;
UNLOCK TABLES;
/*!40103 SET TIME_ZONE=@OLD_TIME_ZONE */;

/*!40101 SET SQL_MODE=@OLD_SQL_MODE */;
/*!40014 SET FOREIGN_KEY_CHECKS=@OLD_FOREIGN_KEY_CHECKS */;
/*!40014 SET UNIQUE_CHECKS=@OLD_UNIQUE_CHECKS */;
/*!40101 SET CHARACTER_SET_CLIENT=@OLD_CHARACTER_SET_CLIENT */;
/*!40101 SET CHARACTER_SET_RESULTS=@OLD_CHARACTER_SET_RESULTS */;
/*!40101 SET COLLATION_CONNECTION=@OLD_COLLATION_CONNECTION */;
/*!40111 SET SQL_NOTES=@OLD_SQL_NOTES */;

-- Dump completed on 2025-04-08 19:26:24
